<?xml version="1.0" encoding="utf-8"?>
<odoo>
    <data noupdate="0">

        <!-- 
        
        commonted by amine 
        
        <record id="hr_contract_type_emp" model="hr.contract.type">
            <field name="name">Employee</field>
            <field name="sequence">5</field>
        </record>

        <record id="hr_contract_type_wrkr" model="hr.contract.type">
            <field name="name">Worker</field>
            <field name="sequence">10</field>
        </record>

        <record id="hr_contract_type_sub" model="hr.contract.type">
            <field name="name">Subcontractor</field>
            <field name="sequence">15</field>
        </record> -->

    </data>
</odoo>