<odoo>
    <data>
      <!-- Sequences for dem  demande de prestation-->
      <record id="seq_service_purchase_requisition" model="ir.sequence">
        <field name="name">Séquence demande de prestation</field>
        <field name="code">service.purchase.requisition</field>
        <field name="prefix">DP</field>
        <field name="padding">5</field>
        <field name="number_next">1</field>
        <field name="number_increment">1</field>
        <field name="company_id" eval="False" />
      </record>
    </data>
</odoo>